assay_chembl_id,canonical_smiles,standard_value,bioactivity_class
CHEMBL829584,Cc1noc(C)c1CN1C(=O)C(=O)c2cc(C#N)ccc21,7200.0,intermediate
CHEMBL829584,O=C1C(=O)N(Cc2ccc(F)cc2Cl)c2ccc(I)cc21,9400.0,intermediate
CHEMBL830868,O=C1C(=O)N(CC2COc3ccccc3O2)c2ccc(I)cc21,13500.0,inactive
CHEMBL829584,O=C1C(=O)N(Cc2cc3ccccc3s2)c2ccccc21,13110.0,inactive
CHEMBL829584,O=C1C(=O)N(Cc2cc3ccccc3s2)c2c1cccc2[N+](=O)[O-],2000.0,intermediate
CHEMBL828143,O=C1C(=O)N(Cc2cc3ccccc3s2)c2c(Br)cccc21,980.0,active
CHEMBL829584,O=C1C(=O)N(Cc2cc3ccccc3s2)c2ccc(F)cc21,4820.0,intermediate
CHEMBL829584,O=C1C(=O)N(Cc2cc3ccccc3s2)c2ccc(I)cc21,950.0,active
CHEMBL829584,O=C1C(=O)N(Cc2cc3ccccc3s2)c2cccc(Cl)c21,11200.0,inactive
CHEMBL829584,O=C1C(=O)N(C/C=C/c2cc3ccccc3s2)c2ccc(I)cc21,23500.0,inactive
CHEMBL829584,O=C(Nc1ccc(Cl)cc1)c1ccc(CN2C(=O)C(=O)c3cc(I)ccc32)s1,12570.0,inactive
CHEMBL829584,O=C1C(=O)N(Cc2ccc(C(=O)N3CCCCC3)s2)c2ccc(I)cc21,17500.0,inactive
CHEMBL880249,CCOC(=O)/C=C/[C@H](C[C@@H]1CCNC1=O)NC(=O)[C@@H](CC(=O)[C@@H](NC(=O)c1cc(C)on1)C(C)C)Cc1ccccc1,45000.0,inactive
CHEMBL880249,CCOC(=O)/C=C/[C@H](C[C@@H]1CCNC1=O)NC(=O)[C@H](CC=C(C)C)CC(=O)[C@@H](NC(=O)c1cc(C)on1)C(C)C,70000.0,inactive
CHEMBL868157,CCCCN1C(=O)C(=O)c2cc(I)ccc21,66000.0,inactive
CHEMBL868157,NC(=O)c1ccc2c(c1)C(=O)C(=O)N2Cc1ccc2ccccc2c1,370.0,active
CHEMBL868157,NC(=O)c1ccc2c(c1)C(=O)C(=O)N2Cc1ccccc1,12500.0,inactive
CHEMBL868157,CCCCN1C(=O)C(=O)c2cc(C(N)=O)ccc21,19000.0,inactive
CHEMBL868157,CCCN1C(=O)C(=O)c2cc(C(N)=O)ccc21,25000.0,inactive
CHEMBL868157,CN1C(=O)C(=O)c2cc(C(N)=O)ccc21,71000.0,inactive
CHEMBL868157,O=C1C(=O)N(Cc2ccc3ccccc3c2)c2ccc(I)cc21,1100.0,intermediate
CHEMBL868157,O=C1C(=O)N(Cc2ccccc2)c2ccc(I)cc21,50000.0,inactive
CHEMBL871248,O=C(CSc1nccc(-c2csc(-c3ccccc3)n2)n1)Nc1cc(Cl)cc(Cl)c1,3019.95,intermediate
CHEMBL871248,O=C(CSc1nccc(-c2csc(-c3ccccc3)n2)n1)Nc1cc(Cl)cc(Cl)c1,3000.0,intermediate
CHEMBL871248,COc1cccc(-c2nc(SCC(=O)Nc3ccc([N+](=O)[O-])cc3)nc(O)c2C#N)c1,301995.17,inactive
CHEMBL871248,COc1cccc(-c2nc(SCC(=O)Nc3ccc([N+](=O)[O-])cc3)nc(O)c2C#N)c1,300000.0,inactive
CHEMBL871248,CCOC(=O)c1cnc(SCC(=O)Nc2ccc([N+](=O)[O-])cc2)nc1N,251188.64,inactive
CHEMBL871248,CCOC(=O)c1cnc(SCC(=O)Nc2ccc([N+](=O)[O-])cc2)nc1N,250000.0,inactive
CHEMBL871248,COC(OC)c1cc(O)nc(SCC(=O)Nc2ccc(C(F)(F)F)cc2)n1,204173.79,inactive
CHEMBL871248,COC(OC)c1cc(O)nc(SCC(=O)Nc2ccc(C(F)(F)F)cc2)n1,200000.0,inactive
CHEMBL871248,Cc1cc(O)nc(SCC(=O)Nc2cc(Cl)ccc2Oc2ccccc2)n1,100000.0,inactive
CHEMBL871248,Cc1cc(O)nc(SCC(=O)Nc2cc(Cl)ccc2Oc2ccccc2)n1,100000.0,inactive
CHEMBL871248,CCC(Sc1nc(O)c(C#N)c(-c2cccc(OC)c2)n1)C(=O)Nc1ccc(C(C)=O)cc1,60255.96,inactive
CHEMBL871248,CCC(Sc1nc(O)c(C#N)c(-c2cccc(OC)c2)n1)C(=O)Nc1ccc(C(C)=O)cc1,60000.0,inactive
CHEMBL871248,COc1ccc(NC(=O)CSc2nc(O)cc(-c3ccccc3)n2)cc1OC,45708.82,inactive
CHEMBL871248,COc1ccc(NC(=O)CSc2nc(O)cc(-c3ccccc3)n2)cc1OC,45000.0,inactive
CHEMBL871248,CC(C)c1ccc(NC(=O)CSc2nccc(-c3cccs3)n2)cc1,40738.03,inactive
CHEMBL871248,CC(C)c1ccc(NC(=O)CSc2nccc(-c3cccs3)n2)cc1,40000.0,inactive
CHEMBL871248,O=C(CSc1nccc(-c2cc(-c3ccccc3Cl)no2)n1)Nc1ccc(Cl)cc1,15135.61,inactive
CHEMBL871248,O=C(CSc1nccc(-c2cc(-c3ccccc3Cl)no2)n1)Nc1ccc(Cl)cc1,15000.0,inactive
CHEMBL871248,O=C(CSc1nccc(-c2cc(-c3ccc(Cl)cc3Cl)no2)n1)Nc1ccc(C(F)(F)F)cc1,15135.61,inactive
CHEMBL871248,O=C(CSc1nccc(-c2cc(-c3ccc(Cl)cc3Cl)no2)n1)Nc1ccc(C(F)(F)F)cc1,15000.0,inactive
CHEMBL871248,CSc1sc(-c2nc(C)cs2)c(C)c1-c1ccnc(SCC(=O)Nc2ccccc2Cl)n1,12022.64,inactive
CHEMBL871248,CSc1sc(-c2nc(C)cs2)c(C)c1-c1ccnc(SCC(=O)Nc2ccccc2Cl)n1,12000.0,inactive
CHEMBL871248,Cc1nc(SCC(=O)Nc2ccc([N+](=O)[O-])cc2)nc(O)c1C,1000000.0,inactive
CHEMBL871248,Cc1nc(SCC(=O)Nc2ccc([N+](=O)[O-])cc2)nc(O)c1C,1000000.0,inactive
CHEMBL871248,Cc1cc(C(F)(F)F)nc(SCC(=O)Nc2ccc(Cl)cc2F)n1,501187.23,inactive
CHEMBL871248,Cc1cc(C(F)(F)F)nc(SCC(=O)Nc2ccc(Cl)cc2F)n1,500000.0,inactive
CHEMBL871248,COc1ccc(-c2ccnc(SCC(=O)Nc3ccc(C(C)C)cc3)n2)cc1,407380.28,inactive
CHEMBL871248,COc1ccc(-c2ccnc(SCC(=O)Nc3ccc(C(C)C)cc3)n2)cc1,400000.0,inactive
CHEMBL871248,CC(C)(C)c1ccc(NC(=O)CSc2nc(O)c(C#N)c(C3CCCCC3)n2)cc1,354813.39,inactive
CHEMBL871248,CC(C)(C)c1ccc(NC(=O)CSc2nc(O)c(C#N)c(C3CCCCC3)n2)cc1,350000.0,inactive
CHEMBL871248,CC(Sc1nc(O)c(C#N)c(-c2ccccc2)n1)C(=O)Nc1ccc(Cl)cc1,301995.17,inactive
CHEMBL871248,CC(Sc1nc(O)c(C#N)c(-c2ccccc2)n1)C(=O)Nc1ccc(Cl)cc1,300000.0,inactive
CHEMBL871248,CCOc1ccc(N2C(=O)CC(Sc3nc(C)cc(C)n3)C2=O)cc1,301995.17,inactive
CHEMBL871248,CCOc1ccc(N2C(=O)CC(Sc3nc(C)cc(C)n3)C2=O)cc1,300000.0,inactive
CHEMBL871248,N#Cc1c(O)nc(SCC(=O)Nc2cccc(C(F)(F)F)c2)nc1-c1ccccc1,204173.79,inactive
CHEMBL871248,N#Cc1c(O)nc(SCC(=O)Nc2cccc(C(F)(F)F)c2)nc1-c1ccccc1,200000.0,inactive
CHEMBL871248,CCCCc1ccc(NC(=O)CSc2nc(O)c(C#N)c(C3CCCCC3)n2)c(C)c1,204173.79,inactive
CHEMBL871248,CCCCc1ccc(NC(=O)CSc2nc(O)c(C#N)c(C3CCCCC3)n2)c(C)c1,200000.0,inactive
CHEMBL871248,CC(C)c1ccc(NC(=O)CSc2nccc(-c3csc(COc4ccccc4Cl)n3)n2)cc1,204173.79,inactive
CHEMBL871248,CC(C)c1ccc(NC(=O)CSc2nccc(-c3csc(COc4ccccc4Cl)n3)n2)cc1,200000.0,inactive
CHEMBL871248,Cc1cc(O)nc(SCC(=O)Nc2ccc(Oc3ccc(Cl)cc3)cc2)n1,204173.79,inactive
CHEMBL871248,Cc1cc(O)nc(SCC(=O)Nc2ccc(Oc3ccc(Cl)cc3)cc2)n1,200000.0,inactive
CHEMBL871248,COc1cccc(-c2nc(SCC(=O)Nc3ccc(C(C)=O)cc3)nc(O)c2C#N)c1,60255.96,inactive
CHEMBL871248,COc1cccc(-c2nc(SCC(=O)Nc3ccc(C(C)=O)cc3)nc(O)c2C#N)c1,60000.0,inactive
CHEMBL871248,COc1cccc(-c2nc(SCC(=O)Nc3ccc(S(N)(=O)=O)cc3)nc(O)c2C#N)c1,40738.03,inactive
CHEMBL871248,COc1cccc(-c2nc(SCC(=O)Nc3ccc(S(N)(=O)=O)cc3)nc(O)c2C#N)c1,40000.0,inactive
CHEMBL871248,CCCc1cc(O)nc(SCC(=O)Nc2ccc(Cl)cc2)n1,30199.52,inactive
CHEMBL871248,CCCc1cc(O)nc(SCC(=O)Nc2ccc(Cl)cc2)n1,30000.0,inactive
CHEMBL871248,O=C(CSc1nccc(-c2cc(-c3ccccc3)no2)n1)Nc1ccc(Cl)cc1,15135.61,inactive
CHEMBL871248,O=C(CSc1nccc(-c2cc(-c3ccccc3)no2)n1)Nc1ccc(Cl)cc1,15000.0,inactive
CHEMBL871248,Cc1nc(-c2nc(-c3ccnc(SCC(=O)Nc4ccc(Cl)cc4)n3)cs2)cs1,14125.38,inactive
CHEMBL871248,Cc1nc(-c2nc(-c3ccnc(SCC(=O)Nc4ccc(Cl)cc4)n3)cs2)cs1,14000.0,inactive
CHEMBL871248,CSc1sc(-c2nc(C)cs2)c(C)c1-c1ccnc(SCC(=O)Nc2ccc(Cl)cc2)n1,11220.18,inactive
CHEMBL871248,CSc1sc(-c2nc(C)cs2)c(C)c1-c1ccnc(SCC(=O)Nc2ccc(Cl)cc2)n1,11000.0,inactive
CHEMBL871248,Cn1nc(-c2ccc(-c3ccnc(SCC(=O)Nc4ccc(Cl)cc4)n3)s2)cc1C(F)(F)F,10000.0,inactive
CHEMBL871248,Cn1nc(-c2ccc(-c3ccnc(SCC(=O)Nc4ccc(Cl)cc4)n3)s2)cc1C(F)(F)F,10000.0,inactive
CHEMBL854506,O=C(Oc1ccc(S(=O)(=O)c2ccc(OC(=O)C(Cl)=C(Cl)Cl)cc2)cc1)C(Cl)=C(Cl)Cl,900.0,active
CHEMBL854506,Nc1ncc(S(=O)(=O)c2ccc(Cl)cc2)c(N)n1,6000.0,intermediate
CHEMBL854506,O=[N+]([O-])c1cc(C(F)(F)F)ccc1S(=O)(=O)c1ccc(Cl)cc1,12000.0,inactive
CHEMBL854506,Cc1nc(S(=O)(=O)c2ccccc2)c(C#N)c(C)c1[N+](=O)[O-],13000.0,inactive
CHEMBL854506,Cc1ccc(S(=O)(=O)c2nc(C)c([N+](=O)[O-])c(C)c2C#N)cc1,13000.0,inactive
CHEMBL854506,O=[N+]([O-])c1ccc(S(=O)(=O)c2ccc(Cl)cc2)[n+]([O-])c1,15000.0,inactive
CHEMBL854506,CCOC(=O)/C(C#N)=C/Nc1ccc(S(=O)(=O)c2ccc(/N=C/C(C#N)=C(\O)OCC)cc2)cc1,16000.0,inactive
CHEMBL854506,O=C(O)c1ccc(S(=O)(=O)c2cc(Br)c(O)c(Br)c2)cc1,16000.0,inactive
CHEMBL854506,CC(=O)c1ccccc1S(=O)(=O)c1ccccc1C(=O)O,16000.0,inactive
CHEMBL854506,O=[N+]([O-])c1ccc(S(=O)(=O)c2ccc([N+](=O)[O-])cc2)cc1,25000.0,inactive
CHEMBL854506,CCOC(=O)C(=CNc1ccc(S(=O)(=O)c2ccc(/N=C/C(C(=O)OCC)=C(\O)OCC)cc2)cc1)C(=O)OCC,32000.0,inactive
CHEMBL854506,O=C(Sc1nnc(C(F)(F)F)[nH]1)c1ccc(C#Cc2ccccc2)o1,3000.0,intermediate
CHEMBL854506,Cc1noc(NC(=O)c2ccc(-c3cc(C(F)(F)F)nn3C)s2)c1[N+](=O)[O-],5000.0,intermediate
CHEMBL854506,Cc1oc(C(C)(C)C)cc1-c1cc(NS(=O)(=O)c2cccs2)[nH]n1,10000.0,inactive
CHEMBL854506,CSc1[nH]nc(NC(=O)c2cccs2)c1S(=O)(=O)c1ccccc1,15000.0,inactive
CHEMBL854506,CC1(C)CC(=O)c2c(NCc3ccco3)sc(C#N)c2C1,16000.0,inactive
CHEMBL854506,CSc1nn(-c2c([N+](=O)[O-])c(C)nn2C)c(-c2cccs2)c1C#N,18000.0,inactive
CHEMBL854506,O=S(=O)(Cc1[nH]c(-c2ccc(Cl)s2)c[s+]1)c1cccs1.[Br-],18000.0,inactive
CHEMBL854506,Cc1nn(C)c(NCc2ccc(-c3cccs3)s2)c1[N+](=O)[O-],20000.0,inactive
CHEMBL854506,O=C(Cc1nccs1)c1nccs1,40000.0,inactive
CHEMBL854506,Cc1cc(S(=O)(=O)c2c([N+](=O)[O-])cc(C(F)(F)F)cc2[N+](=O)[O-])c(Cl)cc1Cl,300.0,active
CHEMBL918059,O=C(Oc1cncc(Cl)c1)c1ccco1,60.0,active
CHEMBL918059,O=C(Oc1cncc(Cl)c1)c1ccc(-c2ccc(Cl)cc2)o1,63.0,active
CHEMBL918059,COc1cccc(C(=O)Oc2cncc(Cl)c2)c1,340.0,active
CHEMBL918059,O=C(Oc1cncc(Cl)c1)c1cscn1,270.0,active
CHEMBL918059,O=C(Oc1cncc(Cl)c1)c1cc2ccccc2s1,95.0,active
CHEMBL918059,O=C(Oc1cncc(Cl)c1)c1cc2ccccc2[nH]1,65.0,active
CHEMBL918059,O=C(Oc1cncc(Br)c1)c1ccco1,50.0,active
CHEMBL918059,O=C(Oc1cncc(Cl)c1)c1cc2ccccc2o1,170.0,active
CHEMBL894326,C=C(C)[C@@H]1CC[C@]2(C(=O)O)CC[C@]3(C)[C@H](CC[C@@H]4[C@@]5(C)CC[C@H](O)C(C)(C)[C@@H]5CC[C@]43C)[C@@H]12,10000.0,inactive
CHEMBL894326,O=C(Nc1ccc([N+](=O)[O-])cc1Cl)c1cc(Cl)ccc1O,40000.0,inactive
CHEMBL894326,COc1cc(/C=C/C(=O)CC(=O)/C=C/c2ccc(O)c(OC)c2)ccc1O,40000.0,inactive
CHEMBL894326,O=C1OC[C@H](Cc2ccc3c(c2)OCO3)/C1=C\c1ccc2c(c1)OCO2,25000.0,inactive
CHEMBL894326,O=C1OC[C@H](Cc2ccc3c(c2)OCO3)[C@H]1Cc1ccc2c(c1)OCO2,100000.0,inactive
CHEMBL894326,C=C(C)[C@@H]1CC[C@]2(C(=O)O)CC[C@]3(C)[C@H](CC[C@@H]4[C@@]5(C)CCC(=O)C(C)(C)[C@@H]5CC[C@]43C)[C@@H]12,100000.0,inactive
CHEMBL940918,CC(C)C[C@H](NC(=O)OCc1ccccc1)C(=O)NC(Cc1ccccc1)C(=O)C(F)(F)F,15000.0,inactive
CHEMBL940918,CC(C)C[C@H](NC(=O)[C@@H](NC(=O)[C@H](C)NC(=O)OCc1ccccc1)C(C)C)C(=O)N[C@@H](Cc1ccccc1)C(=O)C(F)(F)F,10000.0,inactive
CHEMBL940918,CCCCCCCCC(=O)N[C@@H](CC(C)C)C(=O)NC(Cc1ccccc1)C(=O)C(F)(F)F,50000.0,inactive
CHEMBL940918,CCCCCCCCCC(=O)N[C@@H](CC(C)C)C(=O)NC(Cc1ccccc1)C(=O)C(F)(F)F,50000.0,inactive
CHEMBL940918,C[C@H](NC(=O)[C@@H](N)CCC(=O)O)C(=O)NCC(=O)C(F)(F)F,50000.0,inactive
CHEMBL940918,C[C@H](NC(=O)[C@H](CCC(=O)OC(C)(C)C)NC(=O)OC(C)(C)C)C(=O)NCC(=O)C(F)(F)F,40000.0,inactive
CHEMBL940918,CC(C)C[C@H](NC(=O)OC(C)(C)C)C(=O)NC(C)C(=O)C(F)(F)F,40000.0,inactive
CHEMBL940918,O=C(N[C@@H](Cc1ccccc1)C(=O)NC(Cc1ccccc1)C(=O)C(F)(F)F)OCc1ccccc1,20000.0,inactive
CHEMBL940919,CC(C)C[C@H](NC(=O)[C@@H](NC(=O)[C@H](C)NC(=O)OCc1ccccc1)C(C)C)C(=O)N[C@@H](Cc1ccccc1)C(=O)C(F)(F)F,10000.0,inactive
CHEMBL940920,CC(C)C[C@H](NC(=O)[C@@H](NC(=O)[C@H](C)NC(=O)OCc1ccccc1)C(C)C)C(=O)N[C@@H](Cc1ccccc1)C(=O)C(F)(F)F,7000.0,intermediate
CHEMBL940921,CC(C)C[C@H](NC(=O)[C@@H](NC(=O)[C@H](C)NC(=O)OCc1ccccc1)C(C)C)C(=O)N[C@@H](Cc1ccccc1)C(=O)C(F)(F)F,4000.0,intermediate
CHEMBL940922,CC(C)C[C@H](NC(=O)[C@@H](NC(=O)[C@H](C)NC(=O)OCc1ccccc1)C(C)C)C(=O)N[C@@H](Cc1ccccc1)C(=O)C(F)(F)F,2000.0,intermediate
CHEMBL940923,CC(C)C[C@H](NC(=O)[C@@H](NC(=O)[C@H](C)NC(=O)OCc1ccccc1)C(C)C)C(=O)N[C@@H](Cc1ccccc1)C(=O)C(F)(F)F,800.0,active
CHEMBL967600,O=C(CSc1nc(C2CCCCC2)nc2ccccc12)NCc1ccco1,18200.0,inactive
CHEMBL967600,Cc1cc2cc(CN(CCc3ccccc3C)C(=O)NCc3ccccc3)c(=O)[nH]c2cc1C,17200.0,inactive
CHEMBL972292,O=C(Oc1cncc(Cl)c1)c1cccs1,500.0,active
CHEMBL972292,O=C(Oc1cncc(Br)c1)c1ccco1,50.0,active
CHEMBL1118334,N#Cc1c(-c2ccccc2)nc(SCc2ccccc2)[nH]c1=O,50000.0,inactive
CHEMBL1118334,N#Cc1c(-c2ccccc2)nc(SCCc2ccccc2)[nH]c1=O,50000.0,inactive
CHEMBL1118334,N#Cc1c(-c2ccccc2)nc(SCc2ccc([N+](=O)[O-])cc2)[nH]c1=O,35200.0,inactive
CHEMBL1118334,COc1ccc(-c2nc(SCc3ccccc3)[nH]c(=O)c2C#N)cc1,50000.0,inactive
CHEMBL1118334,COc1ccc(-c2nc(SCCc3ccccc3)[nH]c(=O)c2C#N)cc1,20300.0,inactive
CHEMBL1118334,COc1ccc(-c2nc(SCc3ccc([N+](=O)[O-])cc3)[nH]c(=O)c2C#N)cc1,26300.0,inactive
CHEMBL1118334,Cc1ccc(-c2nc(SCc3ccccc3)[nH]c(=O)c2C#N)cc1,50000.0,inactive
CHEMBL1118334,Cc1ccc(-c2nc(SCCc3ccccc3)[nH]c(=O)c2C#N)cc1,50000.0,inactive
CHEMBL1118334,Cc1ccc(-c2nc(SCc3ccc([N+](=O)[O-])cc3)[nH]c(=O)c2C#N)cc1,50000.0,inactive
CHEMBL1118334,N#Cc1c(-c2cccc([N+](=O)[O-])c2)nc(SCCc2ccccc2)[nH]c1=O,50000.0,inactive
CHEMBL1118334,N#Cc1c(-c2cccc([N+](=O)[O-])c2)nc(SCc2ccc([N+](=O)[O-])cc2)[nH]c1=O,10600.0,inactive
CHEMBL1118334,N#Cc1c(-c2ccc(Cl)cc2)nc(SCCc2ccccc2)[nH]c1=O,16900.0,inactive
CHEMBL1118334,N#Cc1c(-c2ccc(Cl)cc2)nc(SCc2ccc([N+](=O)[O-])cc2)[nH]c1=O,6100.0,intermediate
CHEMBL1118334,N#Cc1c(-c2cccc(Cl)c2)nc(SCc2ccccc2)[nH]c1=O,50000.0,inactive
CHEMBL1118334,COc1ccccc1/N=C/c1nc(-c2ccccc2)oc1OC(C)=O,3300.0,intermediate
CHEMBL1118334,COc1cc(C[S+]([O-])c2nc3cccnc3s2)oc(=O)c1,7200.0,intermediate
CHEMBL1118334,Clc1ccc(C2C(n3ccnc3)C(c3ccc(Br)cc3)=NN2c2ccc(Cl)c(Cl)c2)cc1,2500.0,intermediate
CHEMBL1118334,COc1c(Sc2nnnn2-c2ccc(OCc3ccccc3)cc2)c(=O)[nH]c2ccccc12,2000.0,intermediate
CHEMBL2149727,Cc1coc2c1C(=O)C(=O)c1c-2ccc2c1CCCC2(C)C,89100.0,inactive
CHEMBL2149727,Cc1coc2c1C(=O)C(=O)c1c-2ccc2c1CCCC2(C)CO,24800.0,inactive
CHEMBL2149727,COC(=O)[C@@]1(C)CCCc2c1ccc1c2C(=O)C(=O)c2c(C)coc2-1,21100.0,inactive
CHEMBL2149727,C[C@H]1COC2=C1C(=O)C(=O)c1c2ccc2c1CCCC2(C)C,226700.0,inactive
CHEMBL2149727,Cc1coc2c1C(=O)C(=O)c1c-2ccc2c(C)cccc12,38700.0,inactive
CHEMBL2149727,Cc1cccc2c3c(ccc12)C1=C(C(=O)C3=O)[C@@H](C)CO1,14400.0,inactive
CHEMBL2149727,CC(C)C1=Cc2ccc3c(c2C(=O)C1=O)CCCC3(C)C,21100.0,inactive
CHEMBL2149726,Cc1coc2c1C(=O)C(=O)c1c-2ccc2c1CCCC2(C)C,1600.0,intermediate
CHEMBL2149726,Cc1coc2c1C(=O)C(=O)c1c-2ccc2c1CCCC2(C)CO,10700.0,inactive
CHEMBL2149726,COC(=O)[C@@]1(C)CCCc2c1ccc1c2C(=O)C(=O)c2c(C)coc2-1,9200.0,intermediate
CHEMBL2149726,C[C@H]1COC2=C1C(=O)C(=O)c1c2ccc2c1CCCC2(C)C,800.0,active
CHEMBL2149726,Cc1coc2c1C(=O)C(=O)c1c-2ccc2c(C)cccc12,8800.0,intermediate
CHEMBL2149726,Cc1cccc2c3c(ccc12)C1=C(C(=O)C3=O)[C@@H](C)CO1,4900.0,intermediate
CHEMBL2149726,CC(C)C1=Cc2ccc3c(c2C(=O)C1=O)CCCC3(C)C,30000.0,inactive
CHEMBL2149729,Cc1coc2c1C(=O)C(=O)c1c-2ccc2c1CCCC2(C)CO,52000.0,inactive
CHEMBL2149729,C[C@H]1COC2=C1C(=O)C(=O)c1c2ccc2c1CCCC2(C)C,87600.0,inactive
CHEMBL2149729,Cc1coc2c1C(=O)C(=O)c1c-2ccc2c(C)cccc12,700.0,active
CHEMBL2149729,Cc1cccc2c3c(ccc12)C1=C(C(=O)C3=O)[C@@H](C)CO1,1200.0,intermediate
CHEMBL2149729,CC(C)C1=Cc2ccc3c(c2C(=O)C1=O)CCCC3(C)C,60200.0,inactive
CHEMBL2150313,Cc1coc2c1C(=O)C(=O)c1c-2ccc2c1CCCC2(C)C,17100.0,inactive
CHEMBL2150313,Cc1coc2c1C(=O)C(=O)c1c-2ccc2c1CCCC2(C)CO,18000.0,inactive
CHEMBL2150313,COC(=O)[C@@]1(C)CCCc2c1ccc1c2C(=O)C(=O)c2c(C)coc2-1,10600.0,inactive
CHEMBL2150313,C[C@H]1COC2=C1C(=O)C(=O)c1c2ccc2c1CCCC2(C)C,10100.0,inactive
CHEMBL2150313,Cc1coc2c1C(=O)C(=O)c1c-2ccc2c(C)cccc12,11500.0,inactive
CHEMBL2150313,Cc1cccc2c3c(ccc12)C1=C(C(=O)C3=O)[C@@H](C)CO1,10700.0,inactive
CHEMBL2150313,CC(C)C1=Cc2ccc3c(c2C(=O)C1=O)CCCC3(C)C,78900.0,inactive
CHEMBL2317185,CN(C)CCCSc1ccccc1NC(=O)/C=C/c1ccccc1,5000.0,intermediate
CHEMBL2317184,CC(C)(C)NC(=O)[C@@H](c1cccnc1)N(C(=O)c1ccco1)c1ccc(C(C)(C)C)cc1,1500.0,intermediate
CHEMBL2317184,CC(C)(C)NC(=O)C(c1cc[nH]n1)N(C(=O)c1ccco1)c1ccc(C(C)(C)C)cc1,300.0,active
CHEMBL2317184,CC(C)(C)NC(=O)C(c1ccccn1)N(C(=O)c1ccco1)c1ccc(C(C)(C)C)cc1,300.0,active
CHEMBL2317184,CC(C)(C)NC(=O)C(c1ccncc1)N(C(=O)c1ccco1)c1ccc(C(C)(C)C)cc1,45000.0,inactive
CHEMBL2317184,Cc1ccc(C(C(=O)NC(C)(C)C)N(C(=O)c2ccco2)c2ccc(C(C)(C)C)cc2)cn1,300.0,active
CHEMBL2317184,CC(C)(C)NC(=O)C(c1cnccn1)N(C(=O)c1ccco1)c1ccc(C(C)(C)C)cc1,5500.0,intermediate
CHEMBL2317184,CC(C)(C)NC(=O)C(c1ccnnc1)N(C(=O)c1ccco1)c1ccc(C(C)(C)C)cc1,10000.0,inactive
CHEMBL2317184,Cn1cnc(C(=O)N(c2ccc(C(C)(C)C)cc2)C(C(=O)NC(C)(C)C)c2cccnc2)c1,75000.0,inactive
CHEMBL2317184,CC(C)(C)NC(=O)C(c1cccnc1)N(C(=O)c1ccc(Cl)o1)c1ccc(C(C)(C)C)cc1,5200.0,intermediate
CHEMBL2317184,CC(C)(C)NC(=O)C(c1cccnc1)N(C(=O)c1ncco1)c1ccc(C(C)(C)C)cc1,47000.0,inactive
CHEMBL2317184,CC(C)(C)NC(=O)C(c1cccnc1)N(C(=O)C1=NC=NC1)c1ccc(C(C)(C)C)cc1,6000.0,intermediate
CHEMBL2317184,CC(C)(C)NC(=O)C(c1cccnc1)N(C(=O)c1cccs1)c1ccc(C(C)(C)C)cc1,50000.0,inactive
CHEMBL2317184,CC(C)(C)NC(=O)C(c1cccnc1)N(C(=O)c1cnco1)c1ccc(C(C)(C)C)cc1,39000.0,inactive
CHEMBL2317184,CC(C)c1ccc(N(C(=O)c2ccco2)C(C(=O)NC(C)(C)C)c2cccnc2)cc1,28100.0,inactive
CHEMBL2317184,CC(C)(C)NC(=O)C(c1cccnc1)N(C(=O)c1ccco1)c1ccc(C(C)(C)C)cc1,4800.0,intermediate
CHEMBL2317184,CCC(C)c1ccc(N(C(=O)c2ccco2)C(C(=O)NC2CCCC2)c2cccnc2)cc1,2200.0,intermediate
CHEMBL2317184,C=C(Cc1cccc(C)c1)C1=CC=C(c2ccc(C)cc2)C1,13000.0,inactive
CHEMBL2317184,O=C(Oc1cncc(Br)c1)c1cccs1,500.0,active
CHEMBL2317184,CCN(CC)c1ccc(C(=O)On2nnc3ccccc32)cc1,11100.0,inactive
CHEMBL2399650,CC(C)C[C@@H]1NC(=O)[C@@H](NC(=O)OCc2ccccc2)Cc2cn(nn2)CCCNC(=O)CC[C@@H](C=O)NC1=O,15500.0,inactive
CHEMBL2406590,COc1ccccc1NCC(=O)N[C@@H](CC(C)C)C(=O)N[C@@H](C[C@@H]1CCNC1=O)C(=O)c1nc2ccccc2s1,14000.0,inactive
CHEMBL2406590,COc1cccc(NCC(=O)N[C@@H](CC(C)C)C(=O)N[C@@H](C[C@@H]2CCNC2=O)C(=O)c2nc3ccccc3s2)c1,10000.0,inactive
CHEMBL2406590,CC(C)C[C@H](NC(=O)COc1ccccc1)C(=O)N[C@@H](C[C@@H]1CCNC1=O)C(=O)c1nc2ccccc2s1,24000.0,inactive
CHEMBL2406590,COc1ccc(CC(=O)N[C@@H](CC(C)C)C(=O)N[C@@H](C[C@@H]2CCNC2=O)C(=O)c2nc3ccccc3s2)cc1,43000.0,inactive
CHEMBL2406590,CC(C)C[C@H](NC(=O)OCc1ccccc1)C(=O)N[C@@H](C[C@@H]1CCNC1=O)C(=O)c1nc2ccccc2s1,21000.0,inactive
CHEMBL2406591,CN(C)CCCSc1ccccc1NC(=O)/C=C/c1ccccc1,323000.0,inactive
CHEMBL2406591,CC(=O)N[C@@H](CO)C(=O)N[C@@H](C)C(=O)N[C@H](C(=O)N[C@@H](CC1CCCCC1)C(=O)N[C@H](C=O)Cc1c[nH]cn1)C(C)C,65.0,active
CHEMBL2406591,COC(=O)/C=C/[C@H](C[C@@H]1CCNC1=O)NC(=O)[C@H](CC(C)C)NC(=O)[C@@H](NC(=O)OCc1ccccc1)C(C)C,9100.0,intermediate
CHEMBL2406591,CC(=O)N[C@H](C(=O)N[C@H](C(=O)N[C@@H](CC(C)C)C(=O)N[C@@H](CCC(=O)N(C)C)C(=O)Cn1[nH]c(=O)c2c([N+](=O)[O-])cccc2c1=O)[C@H](C)OCc1ccccc1)C(C)C,600.0,active
CHEMBL2406591,CC(C)C[C@H](NC(=O)[C@@H](NC(=O)[C@H](C)NC(=O)OCc1ccccc1)C(C)C)C(=O)NC(Cc1ccccc1)C(=O)C(F)(F)F,10000.0,inactive
CHEMBL2445678,CCC(C)(C)NC(=O)[C@@H](c1ccn(C)c1)N(C(=O)Cn1nnc2ccccc21)c1ccc(NC(C)=O)cc1,6200.0,intermediate
CHEMBL2445678,COc1ncc(-c2ccc(N(Cc3ccsc3)C(=O)Cn3nnc4ccccc43)cc2)cn1,12500.0,inactive
CHEMBL2445678,O=C(Cn1nnc2ccccc21)N(Cc1ccsc1)c1ccc(-c2ccncc2)cc1,2000.0,intermediate
CHEMBL2445678,COc1ncccc1-c1ccc(N(Cc2ccsc2)C(=O)Cn2nnc3ccccc32)cc1,700.0,active
CHEMBL2445678,O=C(Cn1nnc2ccccc21)N(Cc1ccsc1)c1ccc(-c2cccnc2)cc1,970.0,active
CHEMBL2445678,O=C(Cn1nnc2ccccc21)N(Cc1ccsc1)c1ccc(-c2ccccc2)cc1,51.0,active
CHEMBL2445678,O=C(Cn1nnc2ccccc21)N(Cc1ccsc1)c1ccc(NCc2ccccc2)cc1,1500.0,intermediate
CHEMBL2445678,CNc1ccc(N(Cc2ccsc2)C(=O)Cn2nnc3ccccc32)cc1,2100.0,intermediate
CHEMBL2445678,CC(C)COC(=O)Nc1ccc(N(Cc2ccsc2)C(=O)Cn2nnc3ccccc32)cc1,10300.0,inactive
CHEMBL2445678,O=C(Nc1ccc(N(Cc2ccsc2)C(=O)Cn2nnc3ccccc32)cc1)C1CCCCC1,22100.0,inactive
CHEMBL2445678,O=C(Nc1ccc(N(Cc2ccsc2)C(=O)Cn2nnc3ccccc32)cc1)C1CCC1,8100.0,intermediate
CHEMBL2445678,COCCC(=O)Nc1ccc(N(C(=O)Cn2nnc3ccccc32)C(C)c2ccsc2)cc1,3400.0,intermediate
CHEMBL2445678,CC(C)(C)C(=O)Nc1ccc(N(Cc2ccsc2)C(=O)Cn2nnc3ccccc32)cc1,13300.0,inactive
CHEMBL2445678,CC(C)C(=O)Nc1ccc(N(Cc2ccsc2)C(=O)Cn2nnc3ccccc32)cc1,3600.0,intermediate
CHEMBL2445678,CCC(=O)Nc1ccc(N(Cc2ccsc2)C(=O)Cn2nnc3ccccc32)cc1,2900.0,intermediate
CHEMBL2445678,CC(C)(C)NC(=O)C(c1ccsc1)N(C(=O)Cn1nnc2ccccc21)c1ccc(NC(=O)c2ccno2)cc1,26000.0,inactive
CHEMBL2445678,CC(C)(C)NC(=O)C(c1ccsc1)N(C(=O)Cn1nnc2ccccc21)c1ccc(NC(=O)C2CCC2)cc1,3800.0,intermediate
CHEMBL2445678,CC(C)(C)NC(=O)C(c1ccsc1)N(C(=O)Cn1nnc2ccccc21)c1ccc(NC(=O)C2CC2)cc1,9100.0,intermediate
CHEMBL2445678,CC(C)(C)NC(=O)C(c1ccsc1)N(C(=O)Cn1nnc2ccccc21)c1ccc(NC(=O)C(C)(C)C)cc1,22500.0,inactive
CHEMBL2445678,CC(C)C(=O)Nc1ccc(N(C(=O)Cn2nnc3ccccc32)C(C(=O)NC(C)(C)C)c2ccsc2)cc1,4100.0,intermediate
CHEMBL2445678,CCC(=O)Nc1ccc(N(C(=O)Cn2nnc3ccccc32)C(C(=O)NC(C)(C)C)c2ccsc2)cc1,6900.0,intermediate
CHEMBL2445678,CC(C)(C)NC(=O)C(c1ccsc1)N(C(=O)Cn1nnc2ccccc21)c1ccc(NS(C)(=O)=O)cc1,25300.0,inactive
CHEMBL2445678,CC(=O)Nc1ccc(N(C(=O)Cn2nnc3ccccc32)C(C(=O)NC(C)(C)C)c2ccsc2)cc1,7720.0,intermediate
CHEMBL2445678,CC(C)(C)NC(=O)C(c1ccsc1)N(C(=O)Cn1nnc2ccccc21)c1ccc(N)cc1,20000.0,inactive
CHEMBL2445678,CC(=O)Nc1ccc(N(C(=O)Cn2cc(-c3ccccc3)nn2)C(C(=O)NC(C)(C)C)c2ccsc2)cc1,11000.0,inactive
CHEMBL2445678,C=C(Cc1cccc(C)c1)C1=CC=C(c2ccc(C)cc2)C1,13000.0,inactive
CHEMBL2445678,CN(C)CCCSc1ccccc1NC(=O)/C=C/c1ccccc1,5000.0,intermediate
CHEMBL2445679,O=C(Oc1cncc(Br)c1)c1cccs1,500.0,active
CHEMBL2445678,O=C(Nc1ccc(N(Cc2ccsc2)C(=O)Cn2nnc3ccccc32)cc1)C1CC1,4100.0,intermediate
CHEMBL4311688,CC(=O)N[C@H](C(=O)NCC(=O)NC1[C@H]2CCCC[C@@H]2CN(C(=O)c2ccc(Br)cc2)[C@@H]1CN[C@H](C=O)Cc1c[nH]cn1)[C@@H](C)O,26000.0,inactive
CHEMBL4311688,CCSC(SCC)[C@H](Cc1c[nH]cn1)NC[C@@H]1C(NC(=O)CNC(=O)[C@@H](NC(C)=O)[C@@H](C)O)[C@H]2CCCC[C@@H]2CN1C(=O)c1ccc(Br)cc1,175000.0,inactive
CHEMBL4311688,CON(C)C(=O)[C@H](Cc1c[nH]cn1)NC[C@@H]1C(NC(=O)CNC(=O)[C@@H](NC(C)=O)[C@@H](C)O)[C@H]2CCCC[C@@H]2CN1C(=O)c1ccc(Br)cc1,1000000.0,inactive
CHEMBL4311688,CCOC(=O)/C=C/[C@H](Cc1c[nH]cn1)NC[C@@H]1C(NC(=O)CNC(=O)[C@@H](NC(C)=O)[C@@H](C)O)[C@H]2CCCC[C@@H]2CN1C(=O)c1ccc(Br)cc1,2000000.0,inactive
CHEMBL5320570,CN(C)CCCSc1ccccc1NC(=O)/C=C/c1ccccc1,5000.0,intermediate
CHEMBL5336133,Cc1cccc2nc(CSC(=S)NCc3cccnc3)cn12,383.0,active
CHEMBL5336133,Cc1cccc2nc(CSC(=S)NCc3cccnc3)cn12,380.19,active
CHEMBL5336133,S=C([S-])NCc1cccnc1.[K+],165.0,active
CHEMBL5336133,CC(C)C[C@H](NC(=O)OCc1ccccc1)C(=O)N[C@@H](CC1CCNC1=O)C(O)S(=O)(=O)O,161.0,active
CHEMBL5336133,S=C([S-])NCc1cccnc1.[K+],165.96,active
CHEMBL5336133,CC(C)C[C@H](NC(=O)OCc1ccccc1)C(=O)N[C@@H](CC1CCNC1=O)C(O)S(=O)(=O)O,162.18,active
CHEMBL5537354,O=C[C@H](CC1CCNC1=O)NC(=O)[C@H](CC1CCCCC1)NC(=O)c1cc2ccccc2[nH]1,53.0,active
CHEMBL5537354,CC(C)C[C@H](NC(=O)OCc1ccccc1)C(=O)N[C@H](C=O)C[C@@H]1CCNC1=O,70.0,active
CHEMBL5537354,CC(C)C[C@H](NC(=O)OCc1ccccc1)C(=O)N[C@@H](C[C@@H]1CCNC1=O)C(O)S(=O)(=O)[O-].[Na+],50.0,active
CHEMBL5537354,CCCCC1CCC(COC(=O)N[C@@H](CC(C)C)C(=O)N[C@H](C=O)C[C@@H]2CCNC2=O)CC1,900.0,active
CHEMBL5537354,CC1(C)[C@@H]2[C@@H](C(=O)N[C@H](C=O)C[C@@H]3CCNC3=O)N(C(=O)COc3ccc(OC(F)(F)F)cc3)C[C@@H]21,15.2,active
CHEMBL5537354,CC1(C)[C@@H]2[C@@H](C(=O)N[C@H](C=O)C[C@@H]3CCNC3=O)N(C(=O)COc3ccccc3)C[C@@H]21,99.0,active
CHEMBL5537354,CC(C)(C)NC(=O)N[C@H](C(=O)N1C[C@H]2[C@@H]([C@H]1C(=O)NC(CC1CCC1)C(=O)C(N)=O)C2(C)C)C(C)(C)C,6630.0,intermediate
CHEMBL5537354,CC(C)(C)NC(=O)[C@@H](c1cccnc1)N(C(=O)c1ccco1)c1ccc(C(C)(C)C)cc1,1500.0,intermediate
CHEMBL5537354,C=CC(=O)N[C@H](CC(=C)C)C(=O)N1C[C@@H](C(=O)N[C@H](Cc2ccccc2)C(=O)NC)[C@H](c2cccc(C(F)(F)F)c2)C1,3500.0,intermediate
CHEMBL5550822,CC1(C)[C@@H]2[C@@H](C(=O)N[C@H](C=O)C[C@@H]3CCNC3=O)N(C(=O)c3cc4ccccc4[nH]3)C[C@@H]21,52.0,active
CHEMBL5550822,CC(C)c1ccc(F)c2[nH]c(C(=O)N3C[C@H]4[C@@H]([C@H]3C(=O)N[C@H](C=O)C[C@@H]3CCNC3=O)C4(C)C)cc12,30.0,active
CHEMBL5550822,CC1(C)[C@@H]2[C@@H](C(=O)N[C@H](C=O)C[C@@H]3CCNC3=O)N(C(=O)C3(c4cccc(Cl)c4)CC3)C[C@@H]21,14.0,active
CHEMBL5550822,CC1(C)[C@@H]2[C@@H](C(=O)N[C@H](C=O)C[C@@H]3CCNC3=O)N(C(=O)C3(c4ccccc4)CCCC3)C[C@@H]21,48.0,active
CHEMBL5550822,CC(C)(C)[C@H](NC(=O)C(F)(F)F)C(=O)N1C[C@H]2[C@@H]([C@H]1C(=O)N[C@H](C#N)C[C@@H]1CCNC1=O)C2(C)C,20.0,active
